{
  "scoring": "nll_max",
  "train_loss": [
    0.42789665346440814,
    0.4214846206889864,
    0.42096985596500375,
    0.4207194802604496,
    0.42058137624276276
  ],
  "val_loss": [
    0.4981632534798752,
    0.5004772741481517,
    0.502988452878616,
    0.5064770629367908,
    0.5084581995355671
  ],
  "val_token_acc": [
    0.8213042240643141,
    0.8224662946062744,
    0.8223774486548033,
    0.8218795662937437,
    0.8220895187654725
  ],
  "test_token_acc": [
    0.8129616433263106,
    0.8140829099020944,
    0.8143238009666626,
    0.8136988784235965,
    0.8138365968521502
  ],
  "val_f1": [
    0.8635097493036211,
    0.8709248170326016,
    0.8798837584759445,
    0.8884915474642392,
    0.896826662414288
  ],
  "val_score_mean": [
    3.219193057579509,
    3.265544598635959,
    3.3798568341729154,
    3.3422753238126686,
    3.3892096315972324
  ],
  "threshold": [
    8.14864187529593,
    8.48890601264106,
    8.020040724012587,
    8.24879097216057,
    7.895420729511916
  ],
  "test_precision": [
    0.9550007705347511,
    0.964129756706176,
    0.9555457096440703,
    0.9631837829780892,
    0.9579143924159724
  ],
  "test_recall": [
    0.828475935828877,
    0.8264705882352941,
    0.8649732620320856,
    0.863903743315508,
    0.8915775401069519
  ],
  "test_f1": [
    0.8872503400386571,
    0.8900086380650735,
    0.9080064556873202,
    0.9108464303333568,
    0.9235562941420856
  ]
}