{
  "scoring": "nll_max",
  "train_loss": [
    0.42760165148288015,
    0.42110289686409025,
    0.4207229590180758,
    0.4205347873604066,
    0.4204310073008278
  ],
  "val_loss": [
    0.5025093889795524,
    0.5053664681446296,
    0.5090408201424582,
    0.5070292999380385,
    0.5090471259510476
  ],
  "val_token_acc": [
    0.8225780852403585,
    0.8216080254634222,
    0.8223248311495631,
    0.8221216068178485,
    0.8222327073862902
  ],
  "test_token_acc": [
    0.813971371917214,
    0.8132451357045483,
    0.8136933015243525,
    0.8136776552236956,
    0.8137129755855744
  ],
  "val_f1": [
    0.8848015488867377,
    0.8849003787255063,
    0.9059677180512365,
    0.8949359720605355,
    0.9082929782082324
  ],
  "val_score_mean": [
    3.278163038572209,
    3.234587678197712,
    3.387143881835993,
    3.371983278543199,
    3.357459718987178
  ],
  "threshold": [
    8.042740715874565,
    8.28941175672743,
    7.303738950478911,
    6.9776041050149935,
    7.725772279681581
  ],
  "test_precision": [
    0.9579955784819455,
    0.9687310261080753,
    0.9323385644455878,
    0.9207532861476239,
    0.9452617627567925
  ],
  "test_recall": [
    0.8689839572192514,
    0.8532085561497326,
    0.9689839572192513,
    0.9739304812834224,
    0.953475935828877
  ],
  "test_f1": [
    0.9113214160532773,
    0.9073073642308787,
    0.9503081159040251,
    0.9465956340956341,
    0.9493510815307821
  ]
}