{
  "train_loss": [
    0.4327064875652221,
    0.422316991143388,
    0.421599694042301,
    0.42122879512163014,
    0.4210048869685556
  ],
  "val_loss": [
    0.5055360255764397,
    0.5056643755008633,
    0.503836247987026,
    0.5047056450300654,
    0.5040522350841591
  ],
  "val_token_acc": [
    0.8218985430989123,
    0.8227288645832435,
    0.8218347120269816,
    0.8216307976296245,
    0.8226627907979747
  ],
  "test_token_acc": [
    0.8135543437848556,
    0.8145078386417152,
    0.8134716197794026,
    0.8133218180691536,
    0.8148334675920188
  ],
  "val_f1": [
    0.5117302052785924,
    0.5091319902090001,
    0.5074338675419965,
    0.5180606528877728,
    0.5212287223635297
  ],
  "val_ratio_mean": [
    0.01875836028977305,
    0.01879109396954554,
    0.018370692009575456,
    0.01824427588302151,
    0.01829224369015658
  ],
  "threshold": [
    0.0963654514437347,
    0.0979591836734694,
    0.0979591836734694,
    0.09387755102040818,
    0.09387755102040818
  ],
  "test_precision": [
    0.7960099750623442,
    0.8091623036649215,
    0.8223558349275758,
    0.8331542181622783,
    0.8414434117003827
  ],
  "test_recall": [
    0.4267379679144385,
    0.41323529411764703,
    0.4022727272727273,
    0.41457219251336896,
    0.41149732620320856
  ],
  "test_f1": [
    0.5556135770234987,
    0.5470796460176991,
    0.5402639375168328,
    0.5536511337261203,
    0.5527024600466871
  ]
}