{
  "scoring": "nll_max",
  "train_loss": [
    0.42787367102427176,
    0.4214583461980804,
    0.42103935955527233,
    0.4208318915960296,
    0.4206963485839342
  ],
  "val_loss": [
    0.49791049741229054,
    0.500366312027761,
    0.5018742195680584,
    0.5016382632202208,
    0.5042313723567294
  ],
  "val_token_acc": [
    0.8223196556572444,
    0.8227202387627123,
    0.8225265028335821,
    0.8227457711914846,
    0.8226874606446938
  ],
  "test_token_acc": [
    0.8146522183665882,
    0.8147078324451605,
    0.8141228776800099,
    0.8144717437104969,
    0.8147093815838394
  ],
  "val_f1": [
    0.875176636834668,
    0.8911798396334478,
    0.878017585931255,
    0.8915270775735892,
    0.894073322706854
  ],
  "val_score_mean": [
    3.2053468387379005,
    3.2965820637040113,
    3.327468564968316,
    3.328595544759239,
    3.3387533829913796
  ],
  "threshold": [
    7.554470794369475,
    8.374274282744437,
    7.831761562463009,
    7.946980794270834,
    7.001310868696733
  ],
  "test_precision": [
    0.9408250355618777,
    0.9658937920718026,
    0.9483009003775777,
    0.9627485900860789,
    0.9198839263184456
  ],
  "test_recall": [
    0.8842245989304813,
    0.8632352941176471,
    0.8729946524064172,
    0.8672459893048128,
    0.9747326203208556
  ],
  "test_f1": [
    0.9116471399035149,
    0.9116837274973527,
    0.9090909090909091,
    0.9125052750035165,
    0.946514345060366
  ]
}