{
  "scoring": "nll_max",
  "train_loss": [
    0.42601098291754824,
    0.4213611169996805,
    0.4209667564470546,
    0.42074975742406345,
    0.42060552784774996
  ],
  "val_loss": [
    0.49495909116580156,
    0.4986253753358595,
    0.5031643845729687,
    0.5028017194744033,
    0.5061623719377302
  ],
  "val_token_acc": [
    0.8229445100965229,
    0.8229146647574851,
    0.8218338494449284,
    0.8225782577567691,
    0.8228703280399547
  ],
  "test_token_acc": [
    0.8148553104473912,
    0.8151358594621391,
    0.813530022307597,
    0.8145124860577518,
    0.8149507373900111
  ],
  "val_f1": [
    0.8795043208870047,
    0.8711323763955343,
    0.9323634112366507,
    0.8964084298011279,
    0.9434667497274568
  ],
  "val_score_mean": [
    3.254158136375348,
    3.3378197580227846,
    3.3226084541111667,
    3.380224647618409,
    3.5265512809534516
  ],
  "threshold": [
    8.021280770349986,
    7.6967097195712,
    7.891946156819662,
    7.213639461632932,
    8.303090105153094
  ],
  "test_precision": [
    0.9604511278195489,
    0.944226008446192,
    0.9618299945858149,
    0.9319542024460057,
    0.9707792207792207
  ],
  "test_recall": [
    0.8538770053475936,
    0.8668449197860962,
    0.95,
    0.957620320855615,
    0.9593582887700535
  ],
  "test_f1": [
    0.9040339702760086,
    0.9038823447410608,
    0.9558783965563626,
    0.9446129500197811,
    0.9650349650349651
  ]
}