{
    "Threshold": 0.5,
    "FP": 58,
    "TP": 55765,
    "TN": 10550,
    "FN": 4605,
    "Precision": 0.9945324283559578,
    "Recall": 0.6961398878258,
    "F1": 0.8190039979816015
}